{"cameraMode":{"drawMode":0,"name":"Shaded","section":"Shading Mode"},"sceneLighting":true,"audioPlay":false,"sceneViewState":{"m_AlwaysRefresh":false,"showFog":true,"showSkybox":true,"showFlares":true,"showImageEffects":true,"showParticleSystems":true,"showVisualEffectGraphs":true,"m_FxEnabled":true},"in2DMode":false,"pivot":{"x":0.024844849482178689,"y":-8.144657135009766,"z":-20.11318588256836},"rotation":{"x":0.8273652195930481,"y":-0.0008426937274634838,"z":0.0012410847702994943,"w":0.5616663694381714},"size":10.203570365905762,"orthographic":true}